{"cameraMode":{"drawMode":0,"name":"Shaded","section":"Shading Mode"},"sceneLighting":true,"audioPlay":false,"sceneViewState":{"showFog":true,"showMaterialUpdate":false,"showSkybox":true,"showFlares":true,"showImageEffects":true,"showParticleSystems":true},"in2DMode":false,"pivot":{"x":-2.8675754070281984,"y":0.3969966173171997,"z":2.4123730659484865},"rotation":{"x":0.002689087763428688,"y":-0.023401381447911264,"z":-0.00005975108069833368,"w":-0.9997637271881104},"size":6.302749156951904,"orthographic":false}