{"cameraMode":{"drawMode":0,"name":"Shaded","section":"Shading Mode"},"sceneLighting":true,"audioPlay":false,"sceneViewState":{"showFog":true,"showMaterialUpdate":false,"showSkybox":true,"showFlares":true,"showImageEffects":true,"showParticleSystems":true},"in2DMode":false,"pivot":{"x":15.606996536254883,"y":2.811518430709839,"z":1.534067153930664},"rotation":{"x":0.002689087763428688,"y":-0.023401381447911264,"z":-0.00005975108069833368,"w":-0.9997637271881104},"size":6.847006797790527,"orthographic":false}