{"cameraMode":{"drawMode":0,"name":"Shaded","section":"Shading Mode"},"sceneLighting":true,"audioPlay":false,"sceneViewState":{"showFog":true,"showMaterialUpdate":false,"showSkybox":true,"showFlares":true,"showImageEffects":true,"showParticleSystems":true},"in2DMode":false,"pivot":{"x":0.35761284828186037,"y":0.35817086696624758,"z":-0.39131200313568118},"rotation":{"x":-0.10935963690280914,"y":0.849973738193512,"z":-0.19481414556503297,"w":-0.47713029384613039},"size":2.225983142852783,"orthographic":false}