{"cameraMode":{"drawMode":0,"name":"Shaded","section":"Shading Mode"},"sceneLighting":true,"audioPlay":false,"sceneViewState":{"showFog":true,"showMaterialUpdate":false,"showSkybox":true,"showFlares":true,"showImageEffects":true,"showParticleSystems":true},"in2DMode":false,"pivot":{"x":166.47296142578126,"y":-179.6595458984375,"z":298.4447326660156},"rotation":{"x":-0.23879355192184449,"y":-0.243888258934021,"z":0.06209627166390419,"w":-0.937894880771637},"size":200.27040100097657,"orthographic":false}