{"cameraMode":{"drawMode":0,"name":"Shaded","section":"Shading Mode"},"sceneLighting":false,"audioPlay":false,"sceneViewState":{"showFog":true,"showMaterialUpdate":false,"showSkybox":false,"showFlares":true,"showImageEffects":true,"showParticleSystems":true},"in2DMode":false,"pivot":{"x":15.047395706176758,"y":-60.379425048828128,"z":82.94276428222656},"rotation":{"x":0.14677709341049195,"y":0.0003080081660300493,"z":-0.000046004763134988025,"w":0.9891712069511414},"size":4.330127239227295,"orthographic":false}