{"cameraMode":{"drawMode":0,"name":"Shaded","section":"Shading Mode"},"sceneLighting":true,"audioPlay":false,"sceneViewState":{"showFog":true,"showMaterialUpdate":false,"showSkybox":true,"showFlares":true,"showImageEffects":true,"showParticleSystems":true},"in2DMode":false,"pivot":{"x":-6.9046478271484379,"y":14.678905487060547,"z":8.54307746887207},"rotation":{"x":0.29639875888824465,"y":-0.3380819261074066,"z":0.11307713389396668,"w":0.8860504031181336},"size":25.276832580566408,"orthographic":false}